Workbook

Sheet Thresholds
A1: Bonferroni thresholds – visitor survey tests
A3: Usual significance level (alpha) | B3: 0.05 | C3: Input: change this cell and every threshold updates.
A5: Test group | B5: Number of tests | C5: Bonferroni threshold (alpha ÷ tests) | D5: Chance of at least one false alarm WITHOUT correction | E5: Chance of at least one false alarm WITH correction
A6: Binomial | B6: =COUNTIF(Tests!$A$5:$A$30,A6) -> 4 | C6: =$B$3/B6 -> 0.0125 | D6: =1-(1-$B$3)^B6 -> 0.18549375 | E6: =1-(1-C6)^B6 -> 0.049070288
A7: Spearman | B7: =COUNTIF(Tests!$A$5:$A$30,A7) -> 4 | C7: =$B$3/B7 -> 0.0125 | D7: =1-(1-$B$3)^B7 -> 0.18549375 | E7: =1-(1-C7)^B7 -> 0.049070288
A8: McNemar | B8: =COUNTIF(Tests!$A$5:$A$30,A8) -> 3 | C8: =$B$3/B8 -> 0.016666667 | D8: =1-(1-$B$3)^B8 -> 0.142625 | E8: =1-(1-C8)^B8 -> 0.049171296
A9: First-place chi-square (supplementary) | B9: =COUNTIF(Tests!$A$5:$A$30,A9) -> 4 | C9: =$B$3/B9 -> 0.0125 | D9: =1-(1-$B$3)^B9 -> 0.18549375 | E9: =1-(1-C9)^B9 -> 0.049070288
A12: How to read this sheet
A13: The usual cut-off (p < 0.05) accepts a 5% risk that a single result is a false alarm, i.e. chance producing what looks like an effect.
A14: When several related tests are run, those risks add up (column D). With four tests at 0.05 each, the chance of at least one false alarm is about 19%.
A15: The Bonferroni correction divides 0.05 by the number of tests in the group (column C), so the group as a whole stays at about 5% (column E).
A16: The correction is conservative: it slightly raises the chance of missing a real but small effect.
A17: Number of tests (column B) is counted from the Tests sheet, so adding or removing a test updates the threshold.

Sheet Tests
A1: Each test against its group threshold
A2: Where only "< 0.001" was reported, 0.001 is used as an upper bound; any such result passes every threshold here.
A4: Test group | B4: Question / pair | C4: Appendix table | D4: p-value as reported | E4: p-value used for comparison | F4: Group threshold | G4: Clear effect after correction? | H4: Below 0.05 without correction?
A5: Binomial | B5: Q3: S1 v S4 | C5: A2 | D5: < 0.001 | E5: 5.88e-19 | F5: =INDEX(Thresholds!$C$6:$C$9,MATCH(A5,Thresholds!$A$6:$A$9,0)) -> 0.0125 | G5: =IF(E5<F5,"Yes","No") -> Yes | H5: =IF(E5<Thresholds!$B$3,"Yes","No") -> Yes
A6: Binomial | B6: Q4: S3 v S2 | C6: A2 | D6: < 0.001 | E6: 0.001 | F6: =INDEX(Thresholds!$C$6:$C$9,MATCH(A6,Thresholds!$A$6:$A$9,0)) -> 0.0125 | G6: =IF(E6<F6,"Yes","No") -> Yes | H6: =IF(E6<Thresholds!$B$3,"Yes","No") -> Yes
A7: Binomial | B7: Q7: S5 v S6 | C7: A2 | D7: 0.26 | E7: 0.26 | F7: =INDEX(Thresholds!$C$6:$C$9,MATCH(A7,Thresholds!$A$6:$A$9,0)) -> 0.0125 | G7: =IF(E7<F7,"Yes","No") -> No | H7: =IF(E7<Thresholds!$B$3,"Yes","No") -> No
A8: Binomial | B8: Q9: S8 v S7 | C8: A2 | D8: 0.21 | E8: 0.21 | F8: =INDEX(Thresholds!$C$6:$C$9,MATCH(A8,Thresholds!$A$6:$A$9,0)) -> 0.0125 | G8: =IF(E8<F8,"Yes","No") -> No | H8: =IF(E8<Thresholds!$B$3,"Yes","No") -> No
A9: Spearman | B9: Q3 | C9: A3 | D9: < 0.001 | E9: 0.00015 | F9: =INDEX(Thresholds!$C$6:$C$9,MATCH(A9,Thresholds!$A$6:$A$9,0)) -> 0.0125 | G9: =IF(E9<F9,"Yes","No") -> Yes | H9: =IF(E9<Thresholds!$B$3,"Yes","No") -> Yes
A10: Spearman | B10: Q4 | C10: A3 | D10: 0.002 | E10: 0.0023 | F10: =INDEX(Thresholds!$C$6:$C$9,MATCH(A10,Thresholds!$A$6:$A$9,0)) -> 0.0125 | G10: =IF(E10<F10,"Yes","No") -> Yes | H10: =IF(E10<Thresholds!$B$3,"Yes","No") -> Yes
A11: Spearman | B11: Q7 | C11: A3 | D11: < 0.001 | E11: 9.6e-08 | F11: =INDEX(Thresholds!$C$6:$C$9,MATCH(A11,Thresholds!$A$6:$A$9,0)) -> 0.0125 | G11: =IF(E11<F11,"Yes","No") -> Yes | H11: =IF(E11<Thresholds!$B$3,"Yes","No") -> Yes
A12: Spearman | B12: Q9 | C12: A3 | D12: < 0.001 | E12: 4.7e-07 | F12: =INDEX(Thresholds!$C$6:$C$9,MATCH(A12,Thresholds!$A$6:$A$9,0)) -> 0.0125 | G12: =IF(E12<F12,"Yes","No") -> Yes | H12: =IF(E12<Thresholds!$B$3,"Yes","No") -> Yes
A13: McNemar | B13: S1 v S4 | C13: A4 | D13: < 0.001 | E13: 0.001 | F13: =INDEX(Thresholds!$C$6:$C$9,MATCH(A13,Thresholds!$A$6:$A$9,0)) -> 0.016666667 | G13: =IF(E13<F13,"Yes","No") -> Yes | H13: =IF(E13<Thresholds!$B$3,"Yes","No") -> Yes
A14: McNemar | B14: S3 v S2 | C14: A4 | D14: < 0.001 | E14: 0.001 | F14: =INDEX(Thresholds!$C$6:$C$9,MATCH(A14,Thresholds!$A$6:$A$9,0)) -> 0.016666667 | G14: =IF(E14<F14,"Yes","No") -> Yes | H14: =IF(E14<Thresholds!$B$3,"Yes","No") -> Yes
A15: McNemar | B15: S5 v S6 | C15: A4 | D15: 0.08 | E15: 0.076 | F15: =INDEX(Thresholds!$C$6:$C$9,MATCH(A15,Thresholds!$A$6:$A$9,0)) -> 0.016666667 | G15: =IF(E15<F15,"Yes","No") -> No | H15: =IF(E15<Thresholds!$B$3,"Yes","No") -> No
A16: First-place chi-square (supplementary) | B16: Q3 | C16: A5 | D16: 0.053 | E16: 0.053 | F16: =INDEX(Thresholds!$C$6:$C$9,MATCH(A16,Thresholds!$A$6:$A$9,0)) -> 0.0125 | G16: =IF(E16<F16,"Yes","No") -> No | H16: =IF(E16<Thresholds!$B$3,"Yes","No") -> No
... A19: First-place chi-square (supplementary) | B19: Q9 | C19: A5 | D19: < 0.001 | E19: 0.001 | F19: =INDEX(Thresholds!$C$6:$C$9,MATCH(A19,Thresholds!$A$6:$A$9,0)) -> 0.0125 | G19: =IF(E19<F19,"Yes","No") -> Yes | H19: =IF(E19<Thresholds!$B$3,"Yes","No") -> Yes
